﻿Conmemoracion,Fecha
año nuevo,01/01/1997
año nuevo,01/01/1998
año nuevo,01/01/1999
año nuevo,01/01/2000
año nuevo,01/01/2001
año nuevo,01/01/2002
año nuevo,01/01/2003
año nuevo,01/01/2004
año nuevo,01/01/2005
año nuevo,01/01/2006
año nuevo,01/01/2007
año nuevo,01/01/2008
año nuevo,01/01/2009
año nuevo,01/01/2010
año nuevo,01/01/2011
año nuevo,01/01/2012
año nuevo,01/01/2013
año nuevo,01/01/2014
año nuevo,01/01/2015
año nuevo,01/01/2016
año nuevo,01/01/2017
año nuevo,01/01/2018
año nuevo,01/01/2019
aniversario de la Constitución de 1917,02/05/1997
aniversario de la Constitución de 1917,02/05/1998
aniversario de la Constitución de 1917,02/05/1999
aniversario de la Constitución de 1917,02/05/2000
aniversario de la Constitución de 1917,02/05/2001
aniversario de la Constitución de 1917,02/05/2002
aniversario de la Constitución de 1917,02/05/2003
aniversario de la Constitución de 1917,02/05/2004
aniversario de la Constitución de 1917,02/05/2005
aniversario de la Constitución de 1917,02/05/2006
aniversario de la Constitución de 1917,02/05/2007
aniversario de la Constitución de 1917,02/04/2008
aniversario de la Constitución de 1917,02/02/2009
aniversario de la Constitución de 1917,02/01/2010
aniversario de la Constitución de 1917,02/07/2011
aniversario de la Constitución de 1917,02/06/2012
aniversario de la Constitución de 1917,02/04/2013
aniversario de la Constitución de 1917,02/03/2014
aniversario de la Constitución de 1917,02/02/2015
aniversario de la Constitución de 1917,02/01/2016
aniversario de la Constitución de 1917,02/06/2017
aniversario de la Constitución de 1917,02/05/2018
aniversario de la Constitución de 1917,02/05/2019
natalicio de Benito Juárez Garcia,3/21/97
natalicio de Benito Juárez Garcia,3/21/98
natalicio de Benito Juárez Garcia,3/21/99
natalicio de Benito Juárez Garcia,3/21/00
natalicio de Benito Juárez Garcia,3/21/01
natalicio de Benito Juárez Garcia,3/21/02
natalicio de Benito Juárez Garcia,3/21/03
natalicio de Benito Juárez Garcia,3/21/04
natalicio de Benito Juárez Garcia,3/21/05
natalicio de Benito Juárez Garcia,3/21/06
natalicio de Benito Juárez Garcia,3/19/07
natalicio de Benito Juárez Garcia,3/17/08
natalicio de Benito Juárez Garcia,3/16/09
natalicio de Benito Juárez Garcia,3/15/10
natalicio de Benito Juárez Garcia,3/21/11
natalicio de Benito Juárez Garcia,04/02/2012
natalicio de Benito Juárez Garcia,3/18/13
natalicio de Benito Juárez Garcia,3/17/14
natalicio de Benito Juárez Garcia,3/16/15
natalicio de Benito Juárez Garcia,3/21/16
natalicio de Benito Juárez Garcia,3/20/17
natalicio de Benito Juárez Garcia,3/19/18
natalicio de Benito Juárez Garcia,3/18/19
jueves santo,3/27/97
jueves santo,04/09/1998
jueves santo,04/01/1999
jueves santo,4/20/00
jueves santo,04/12/2001
jueves santo,3/28/02
jueves santo,4/17/03
jueves santo,04/08/2004
jueves santo,3/24/05
jueves santo,4/13/06
jueves santo,04/05/2007
jueves santo,3/20/08
jueves santo,04/09/2009
jueves santo,04/01/2010
jueves santo,4/21/11
jueves santo,04/05/2012
jueves santo,3/28/13
jueves santo,4/17/14
jueves santo,04/02/2015
jueves santo,3/24/16
jueves santo,4/13/17
jueves santo,3/29/18
jueves santo,4/18/19
viernes santo,3/28/97
viernes santo,04/10/1998
viernes santo,04/02/1999
viernes santo,4/21/00
viernes santo,4/13/01
viernes santo,3/29/02
viernes santo,4/18/03
viernes santo,04/09/2004
viernes santo,3/25/05
viernes santo,4/14/06
viernes santo,04/06/2007
viernes santo,3/21/08
viernes santo,04/10/2009
viernes santo,04/02/2010
viernes santo,4/22/11
viernes santo,04/06/2012
viernes santo,3/29/13
viernes santo,4/18/14
viernes santo,04/03/2015
viernes santo,3/25/16
viernes santo,4/14/17
viernes santo,3/30/18
viernes santo,4/19/19
día del trabajo,05/01/1997
día del trabajo,05/01/1998
día del trabajo,05/01/1999
día del trabajo,05/01/2000
día del trabajo,05/01/2001
día del trabajo,05/01/2002
día del trabajo,05/01/2003
día del trabajo,05/01/2004
día del trabajo,05/01/2005
día del trabajo,05/01/2006
día del trabajo,05/01/2007
día del trabajo,05/01/2008
día del trabajo,05/01/2009
día del trabajo,05/01/2010
día del trabajo,05/01/2011
día del trabajo,05/01/2012
día del trabajo,05/01/2013
día del trabajo,05/01/2014
día del trabajo,05/01/2015
día del trabajo,05/01/2016
día del trabajo,05/01/2017
día del trabajo,05/01/2018
día del trabajo,05/01/2019
día de la madre,05/10/1997
día de la madre,05/10/1998
día de la madre,05/10/1999
día de la madre,05/10/2000
día de la madre,05/10/2001
día de la madre,05/10/2002
día de la madre,05/10/2003
día de la madre,05/10/2004
día de la madre,05/10/2005
día de la madre,05/10/2006
día de la madre,05/10/2007
día de la madre,05/10/2008
día de la madre,05/10/2009
día de la madre,05/10/2010
día de la madre,05/10/2011
día de la madre,05/10/2012
día de la madre,05/10/2013
día de la madre,05/10/2014
día de la madre,05/10/2015
día de la madre,05/10/2016
día de la madre,05/10/2017
día de la madre,05/10/2018
día de la madre,05/10/2019
día de la Independencia,9/16/97
día de la Independencia,9/16/98
día de la Independencia,9/16/99
día de la Independencia,9/16/00
día de la Independencia,9/16/01
día de la Independencia,9/16/02
día de la Independencia,9/16/03
día de la Independencia,9/16/04
día de la Independencia,9/16/05
día de la Independencia,9/16/06
día de la Independencia,9/16/07
día de la Independencia,9/16/08
día de la Independencia,9/16/09
día de la Independencia,9/16/10
día de la Independencia,9/16/11
día de la Independencia,9/16/12
día de la Independencia,9/16/13
día de la Independencia,9/16/14
día de la Independencia,9/16/15
día de la Independencia,9/16/16
día de la Independencia,9/16/17
día de la Independencia,9/16/18
día de la Independencia,5/16/19
día de la Virgen de Zapopan,10/12/1997
día de la Virgen de Zapopan,10/12/1998
día de la Virgen de Zapopan,10/12/1999
día de la Virgen de Zapopan,10/12/2000
día de la Virgen de Zapopan,10/12/2001
día de la Virgen de Zapopan,10/12/2002
día de la Virgen de Zapopan,10/12/2003
día de la Virgen de Zapopan,10/12/2004
día de la Virgen de Zapopan,10/12/2005
día de la Virgen de Zapopan,10/12/2006
día de la Virgen de Zapopan,10/12/2007
día de la Virgen de Zapopan,10/12/2008
día de la Virgen de Zapopan,10/12/2009
día de la Virgen de Zapopan,10/12/2010
día de la Virgen de Zapopan,10/12/2011
día de la Virgen de Zapopan,10/12/2012
día de la Virgen de Zapopan,10/12/2013
día de la Virgen de Zapopan,10/12/2014
día de la Virgen de Zapopan,10/12/2015
día de la Virgen de Zapopan,10/12/2016
día de la Virgen de Zapopan,10/12/2017
día de la Virgen de Zapopan,10/12/2018
día de la Virgen de Zapopan,10/12/2019
día de los muertos,11/02/1997
día de los muertos,11/02/1999
día de los muertos,11/02/1999
día de los muertos,11/02/2000
día de los muertos,11/02/2001
día de los muertos,11/02/2002
día de los muertos,11/02/2003
día de los muertos,11/02/2004
día de los muertos,11/02/2005
día de los muertos,11/02/2006
día de los muertos,11/02/2007
día de los muertos,11/02/2008
día de los muertos,11/02/2009
día de los muertos,11/02/2010
día de los muertos,11/02/2011
día de los muertos,11/02/2012
día de los muertos,11/02/2013
día de los muertos,11/02/2014
día de los muertos,11/02/2015
día de los muertos,11/02/2016
día de los muertos,11/02/2017
día de los muertos,11/02/2018
día de los muertos,11/02/2019
día de la Revolución,11/20/97
día de la Revolución,11/20/98
día de la Revolución,11/20/99
día de la Revolución,11/20/00
día de la Revolución,11/20/01
día de la Revolución,11/20/02
día de la Revolución,11/20/03
día de la Revolución,11/20/04
día de la Revolución,11/20/05
día de la Revolución,11/20/06
día de la Revolución,11/19/07
día de la Revolución,11/17/08
día de la Revolución,11/16/09
día de la Revolución,11/15/10
día de la Revolución,11/21/11
día de la Revolución,11/19/12
día de la Revolución,11/18/13
día de la Revolución,11/17/14
día de la Revolución,11/16/15
día de la Revolución,11/21/16
día de la Revolución,11/20/17
día de la Revolución,11/19/18
día de la Revolución,11/18/19
día de la Virgen de Guadalupe,12/12/1997
día de la Virgen de Guadalupe,12/12/1998
día de la Virgen de Guadalupe,12/12/1999
día de la Virgen de Guadalupe,12/12/2000
día de la Virgen de Guadalupe,12/12/2001
día de la Virgen de Guadalupe,12/12/2002
día de la Virgen de Guadalupe,12/12/2003
día de la Virgen de Guadalupe,12/12/2004
día de la Virgen de Guadalupe,12/12/2005
día de la Virgen de Guadalupe,12/12/2006
día de la Virgen de Guadalupe,12/12/2007
día de la Virgen de Guadalupe,12/12/2008
día de la Virgen de Guadalupe,12/12/2009
día de la Virgen de Guadalupe,12/12/2010
día de la Virgen de Guadalupe,12/12/2011
día de la Virgen de Guadalupe,12/12/2012
día de la Virgen de Guadalupe,12/12/2013
día de la Virgen de Guadalupe,12/12/2014
día de la Virgen de Guadalupe,12/12/2015
día de la Virgen de Guadalupe,12/12/2016
día de la Virgen de Guadalupe,12/12/2017
día de la Virgen de Guadalupe,12/12/2018
día de la Virgen de Guadalupe,12/12/2019
Navidad,12/25/97
Navidad,12/25/98
Navidad,12/25/99
Navidad,12/25/2000
Navidad,12/25/2001
Navidad,12/25/2002
Navidad,12/25/2003
Navidad,12/25/2004
Navidad,12/25/2005
Navidad,12/25/2006
Navidad,12/25/2007
Navidad,12/25/2008
Navidad,12/25/2009
Navidad,12/25/2010
Navidad,12/25/2011
Navidad,12/25/2012
Navidad,12/25/2013
Navidad,12/25/2014
Navidad,12/25/2015
Navidad,12/25/2016
Navidad,12/25/2017
Navidad,12/25/2018
Navidad,12/25/2019
