﻿Conmemoracion,Fecha
año nuevo,1/1/97
aniversario de la Constitución de 1917,2/5/97
natalicio de Benito Juárez Garcia,3/21/97
jueves santo,3/27/97
viernes santo,3/28/97
día del trabajo,5/1/97
día de la madre,5/10/97
día de la Independencia,9/16/97
día de la Virgen de Zapopan,10/12/97
día de los muertos,11/2/97
día de la Revolución,11/20/97
día de la Virgen de Guadalupe,12/12/97
Navidad,12/25/97
año nuevo,1/1/98
aniversario de la Constitución de 1917,2/5/98
natalicio de Benito Juárez Garcia,3/21/98
jueves santo,4/9/98
viernes santo,4/10/98
día del trabajo,5/1/98
día de la madre,5/10/98
día de la Independencia,9/16/98
día de la Virgen de Zapopan,10/12/98
día de los muertos,11/2/98
día de la Revolución,11/20/98
día de la Virgen de Guadalupe,12/12/98
Navidad,12/25/98
año nuevo,1/1/99
aniversario de la Constitución de 1917,2/5/99
natalicio de Benito Juárez Garcia,3/21/99
jueves santo,4/1/99
viernes santo,4/2/99
día del trabajo,5/1/99
día de la madre,5/10/99
día de la Independencia,9/16/99
día de la Virgen de Zapopan,10/12/99
día de los muertos,11/2/99
día de la Revolución,11/20/99
día de la Virgen de Guadalupe,12/12/99
Navidad,12/25/99
año nuevo,1/1/00
aniversario de la Constitución de 1917,2/5/00
natalicio de Benito Juárez Garcia,3/21/00
jueves santo,4/20/00
viernes santo,4/21/00
día del trabajo,5/1/00
día de la madre,5/10/00
elecciones presidenciales,7/2/00
día de la Independencia,9/16/00
día de la Virgen de Zapopan,10/12/00
día de los muertos,11/2/00
día de la Revolución,11/20/00
cambio de poder,12/1/00
día de la Virgen de Guadalupe,12/12/00
Navidad,12/25/00
año nuevo,1/1/01
aniversario de la Constitución de 1917,2/5/01
natalicio de Benito Juárez Garcia,3/21/01
jueves santo,4/12/01
viernes santo,4/13/01
día del trabajo,5/1/01
día de la madre,5/10/01
día de la Independencia,9/16/01
día de la Virgen de Zapopan,10/12/01
día de los muertos,11/2/01
día de la Revolución,11/20/01
día de la Virgen de Guadalupe,12/12/01
Navidad,12/25/01
año nuevo,1/1/02
aniversario de la Constitución de 1917,2/5/02
natalicio de Benito Juárez Garcia,3/21/02
jueves santo,3/28/02
viernes santo,3/29/02
día del trabajo,5/1/02
día de la madre,5/10/02
día de la Independencia,9/16/02
día de la Virgen de Zapopan,10/12/02
día de los muertos,11/2/02
día de la Revolución,11/20/02
día de la Virgen de Guadalupe,12/12/02
Navidad,12/25/02
año nuevo,1/1/03
aniversario de la Constitución de 1917,2/5/03
natalicio de Benito Juárez Garcia,3/21/03
jueves santo,4/17/03
viernes santo,4/18/03
día del trabajo,5/1/03
día de la madre,5/10/03
día de la Independencia,9/16/03
día de la Virgen de Zapopan,10/12/03
día de los muertos,11/2/03
día de la Revolución,11/20/03
día de la Virgen de Guadalupe,12/12/03
Navidad,12/25/03
año nuevo,1/1/04
aniversario de la Constitución de 1917,2/5/04
natalicio de Benito Juárez Garcia,3/21/04
jueves santo,4/8/04
viernes santo,4/9/04
día del trabajo,5/1/04
día de la madre,5/10/04
día de la Independencia,9/16/04
día de la Virgen de Zapopan,10/12/04
día de los muertos,11/2/04
día de la Revolución,11/20/04
día de la Virgen de Guadalupe,12/12/04
Navidad,12/25/04
año nuevo,1/1/05
aniversario de la Constitución de 1917,2/5/05
natalicio de Benito Juárez Garcia,3/21/05
jueves santo,3/24/05
viernes santo,3/25/05
día del trabajo,5/1/05
día de la madre,5/10/05
día de la Independencia,9/16/05
día de la Virgen de Zapopan,10/12/05
día de los muertos,11/2/05
día de la Revolución,11/20/05
día de la Virgen de Guadalupe,12/12/05
Navidad,12/25/05
año nuevo,1/1/06
aniversario de la Constitución de 1917,2/5/06
natalicio de Benito Juárez Garcia,3/21/06
jueves santo,4/13/06
viernes santo,4/14/06
día del trabajo,5/1/06
día de la madre,5/10/06
elecciones presidenciales,7/2/06
día de la Independencia,9/16/06
día de la Virgen de Zapopan,10/12/06
día de los muertos,11/2/06
día de la Revolución,11/20/06
cambio de poder,12/1/06
día de la Virgen de Guadalupe,12/12/06
Navidad,12/25/06
año nuevo,1/1/07
aniversario de la Constitución de 1917,2/5/07
natalicio de Benito Juárez Garcia,3/19/07
jueves santo,4/5/07
viernes santo,4/6/07
día del trabajo,5/1/07
día de la madre,5/10/07
día de la Independencia,9/16/07
día de la Virgen de Zapopan,10/12/07
día de los muertos,11/2/07
día de la Revolución,11/19/07
día de la Virgen de Guadalupe,12/12/07
Navidad,12/25/07
año nuevo,1/1/08
aniversario de la Constitución de 1917,2/4/08
natalicio de Benito Juárez Garcia,3/17/08
jueves santo,3/20/08
viernes santo,3/21/08
día del trabajo,5/1/08
día de la madre,5/10/08
día de la Independencia,9/16/08
día de la Virgen de Zapopan,10/12/08
día de los muertos,11/2/08
día de la Revolución,11/17/08
día de la Virgen de Guadalupe,12/12/08
Navidad,12/25/08
año nuevo,1/1/09
aniversario de la Constitución de 1917,2/2/09
natalicio de Benito Juárez Garcia,3/16/09
jueves santo,4/9/09
viernes santo,4/10/09
día del trabajo,5/1/09
día de la madre,5/10/09
día de la Independencia,9/16/09
día de la Virgen de Zapopan,10/12/09
día de los muertos,11/2/09
día de la Revolución,11/16/09
día de la Virgen de Guadalupe,12/12/09
Navidad,12/25/09
año nuevo,1/1/10
aniversario de la Constitución de 1917,2/1/10
natalicio de Benito Juárez Garcia,3/15/10
jueves santo,4/1/10
viernes santo,4/2/10
día del trabajo,5/1/10
día de la madre,5/10/10
día de la Independencia,9/16/10
día de la Virgen de Zapopan,10/12/10
día de los muertos,11/2/10
día de la Revolución,11/15/10
día de la Virgen de Guadalupe,12/12/10
Navidad,12/25/10
año nuevo,1/1/11
aniversario de la Constitución de 1917,2/7/11
natalicio de Benito Juárez Garcia,3/21/11
jueves santo,4/21/11
viernes santo,4/22/11
día del trabajo,5/1/11
día de la madre,5/10/11
día de la Independencia,9/16/11
día de la Virgen de Zapopan,10/12/11
día de los muertos,11/2/11
día de la Revolución,11/21/11
día de la Virgen de Guadalupe,12/12/11
Navidad,12/25/11
año nuevo,1/1/12
aniversario de la Constitución de 1917,2/6/12
natalicio de Benito Juárez Garcia,3/19/12
jueves santo,4/5/12
viernes santo,4/6/12
día del trabajo,5/1/12
día de la madre,5/10/12
elecciones presidenciales,7/1/12
día de la Independencia,9/16/12
día de la Virgen de Zapopan,10/12/12
día de los muertos,11/2/12
día de la Revolución,11/19/12
cambio de poder,12/1/12
día de la Virgen de Guadalupe,12/12/12
Navidad,12/25/12
año nuevo,1/1/13
aniversario de la Constitución de 1917,2/4/13
natalicio de Benito Juárez Garcia,3/18/13
jueves santo,3/28/13
viernes santo,3/29/13
día del trabajo,5/1/13
día de la madre,5/10/13
día de la Independencia,9/16/13
día de la Virgen de Zapopan,10/12/13
día de los muertos,11/2/13
día de la Revolución,11/18/13
día de la Virgen de Guadalupe,12/12/13
Navidad,12/25/13
año nuevo,1/1/14
aniversario de la Constitución de 1917,2/3/14
natalicio de Benito Juárez Garcia,3/17/14
jueves santo,4/17/14
viernes santo,4/18/14
día del trabajo,5/1/14
día de la madre,5/10/14
día de la Independencia,9/16/14
día de la Virgen de Zapopan,10/12/14
día de los muertos,11/2/14
día de la Revolución,11/17/14
día de la Virgen de Guadalupe,12/12/14
Navidad,12/25/14
año nuevo,1/1/15
aniversario de la Constitución de 1917,2/2/15
natalicio de Benito Juárez Garcia,3/16/15
jueves santo,4/2/15
viernes santo,4/3/15
día del trabajo,5/1/15
día de la madre,5/10/15
día de la Independencia,9/16/15
día de la Virgen de Zapopan,10/12/15
día de los muertos,11/2/15
día de la Revolución,11/16/15
día de la Virgen de Guadalupe,12/12/15
Navidad,12/25/15
año nuevo,1/1/16
aniversario de la Constitución de 1917,2/1/16
natalicio de Benito Juárez Garcia,3/21/16
jueves santo,3/24/16
viernes santo,3/25/16
día del trabajo,5/1/16
día de la madre,5/10/16
día de la Independencia,9/16/16
día de la Virgen de Zapopan,10/12/16
día de los muertos,11/2/16
día de la Revolución,11/21/16
día de la Virgen de Guadalupe,12/12/16
Navidad,12/25/16
año nuevo,1/1/17
aniversario de la Constitución de 1917,2/6/17
natalicio de Benito Juárez Garcia,3/20/17
jueves santo,4/13/17
viernes santo,4/14/17
día del trabajo,5/1/17
día de la madre,5/10/17
día de la Independencia,9/16/17
día de la Virgen de Zapopan,10/12/17
día de los muertos,11/2/17
día de la Revolución,11/20/17
día de la Virgen de Guadalupe,12/12/17
Navidad,12/25/17
año nuevo,1/1/18
aniversario de la Constitución de 1917,2/5/18
natalicio de Benito Juárez Garcia,3/19/18
jueves santo,3/29/18
viernes santo,3/30/18
día del trabajo,5/1/18
día de la madre,5/10/18
elecciones presidenciales,7/1/18
día de la Independencia,9/16/18
día de la Virgen de Zapopan,10/12/18
día de los muertos,11/2/18
día de la Revolución,11/19/18
cambio de poder,12/1/18
día de la Virgen de Guadalupe,12/12/18
Navidad,12/25/18
año nuevo,1/1/19
aniversario de la Constitución de 1917,2/5/19
natalicio de Benito Juárez Garcia,3/18/19
jueves santo,4/18/19
viernes santo,4/19/19
día del trabajo,5/1/19
día de la madre,5/10/19
día de la Independencia,5/16/19
día de la Virgen de Zapopan,10/12/19
día de los muertos,11/2/19
día de la Revolución,11/18/19
día de la Virgen de Guadalupe,12/12/19
Navidad,12/25/19
